region_code,region_name
89,Ямало-Ненецкий автономный округ
27,Хабаровский край
29,Архангельская область
45,Курганская область
72,Тюменская область
30,Астраханская область
54,Новосибирская область
34,Волгоградская область
26,Ставропольский край
66,Свердловская область
37,Ивановская область
56,Оренбургская область
73,Ульяновская область
63,Самарская область
9,Карачаево-Черкесская республика
53,Новгородская область
79,Еврейская автономная область
5,Республика Дагестан
51,Мурманская область
21,Чувашская республика
36,Воронежская область
82,Республика Крым
83,Ненецкий автономный округ
50,Московская область
14,Республика Саха (Якутия)
43,Кировская область
8,Республика Калмыкия
35,Вологодская область
22,Алтайский край
64,Саратовская область
75,Забайкальский край
25,Приморский край
17,Республика Тыва
11,Республика Коми
86,Ханты-Мансийский автономный округ - Югра
92,Севастополь
87,Чукотский автономный округ
13,Республика Мордовия
39,Калининградская область
6,Республика Ингушетия
15,Республика Северная Осетия - Алания
4,Республика Алтай
49,Магаданская область
65,Сахалинская область
44,Костромская область
60,Псковская область
28,Амурская область
46,Курская область
58,Пензенская область
12,Республика Марий Эл
77,Москва
55,Омская область
76,Ярославская область
69,Тверская область
48,Липецкая область
19,Республика Хакасия
70,Томская область
62,Рязанская область
57,Орловская область
1,Республика Адыгея
95,Чеченская республика
68,Тамбовская область
24,Красноярский край
3,Республика Бурятия
31,Белгородская область
40,Калужская область
38,Иркутская область
33,Владимирская область
59,Пермский край
32,Брянская область
71,Тульская область
10,Республика Карелия
61,Ростовская область
18,Удмуртская республика
74,Челябинская область
67,Смоленская область
7,Кабардино-Балкарская республика
78,Санкт-Петербург
23,Краснодарский край
52,Нижегородская область
2,Республика Башкортостан
42,Кемеровская область
47,Ленинградская область
16,Республика Татарстан
41,Камчатский край
94,Байконур
